Source:;D:\OneDrive\BaseAerienne\Projet\TPI\cartemeremicro_v2\4_Fabrication\Version_01\C_KiCAD\Carte_mere_micro_V2\Carte_mere_micro_V2.sch;;;;;
Date:;22.03.2021 13:17;;;;;
Tool:;Eeschema (5.1.6)-1;;;;;
Generator:;C:\Program Files\KiCad\bin\scripting\plugins/bom_csv_grouped_by_value.py;;;;;
Component Count:;435;;;;;

Individual Components:;;;;;;

Item;Qty;Reference(s);Value;LibPart;Footprint;Datasheet
;;C1;100nF;Device:C_Small;Capacitor_SMD:C_0805_2012Metric;~
;;C2;100nF;Device:C_Small;Capacitor_SMD:C_0805_2012Metric;~
;;C3;100nF;Device:C_Small;Capacitor_SMD:C_0805_2012Metric;~
;;C4;100nF;archive:Device_C;Capacitor_SMD:C_0805_2012Metric;~
;;C5;100nF;archive:Device_C;Capacitor_SMD:C_0805_2012Metric;~
;;H1;MountingHole;Mechanical:MountingHole;MountingHole:MountingHole_4mm;~
;;H2;MountingHole;Mechanical:MountingHole;MountingHole:MountingHole_4mm;~
;;H3;MountingHole;Mechanical:MountingHole;MountingHole:MountingHole_4mm;~
;;H4;MountingHole;Mechanical:MountingHole;MountingHole:MountingHole_4mm;~
;;H5;MountingHole;Mechanical:MountingHole;MountingHole:MountingHole_4mm;~
;;H6;MountingHole;Mechanical:MountingHole;MountingHole:MountingHole_4mm;~
;;K1;74LS245;74xx:74LS245;Package_SO:SOIC-20W_7.5x12.8mm_P1.27mm;http://www.ti.com/lit/gpn/sn74LS245
;;K2;74LS245;74xx:74LS245;Package_SO:SOIC-20W_7.5x12.8mm_P1.27mm;http://www.ti.com/lit/gpn/sn74LS245
;;K3;74LS245;74xx:74LS245;Package_SO:SOIC-20W_7.5x12.8mm_P1.27mm;http://www.ti.com/lit/gpn/sn74LS245
;;K4;BC817;archive:Transistor_BJT_BC817;Package_TO_SOT_SMD:SOT-23;http://www.fairchildsemi.com/ds/BC/BC817.pdf
;;K5;BC817;archive:Transistor_BJT_BC817;Package_TO_SOT_SMD:SOT-23;http://www.fairchildsemi.com/ds/BC/BC817.pdf
;;K6;BC817;archive:Transistor_BJT_BC817;Package_TO_SOT_SMD:SOT-23;http://www.fairchildsemi.com/ds/BC/BC817.pdf
;;K7;BC817;archive:Transistor_BJT_BC817;Package_TO_SOT_SMD:SOT-23;http://www.fairchildsemi.com/ds/BC/BC817.pdf
;;K8;BC817;archive:Transistor_BJT_BC817;Package_TO_SOT_SMD:SOT-23;http://www.fairchildsemi.com/ds/BC/BC817.pdf
;;K9;BC817;archive:Transistor_BJT_BC817;Package_TO_SOT_SMD:SOT-23;http://www.fairchildsemi.com/ds/BC/BC817.pdf
;;K10;BC817;archive:Transistor_BJT_BC817;Package_TO_SOT_SMD:SOT-23;http://www.fairchildsemi.com/ds/BC/BC817.pdf
;;K11;BC817;archive:Transistor_BJT_BC817;Package_TO_SOT_SMD:SOT-23;http://www.fairchildsemi.com/ds/BC/BC817.pdf
;;K12;BC817;archive:Transistor_BJT_BC817;Package_TO_SOT_SMD:SOT-23;http://www.fairchildsemi.com/ds/BC/BC817.pdf
;;K13;BC817;archive:Transistor_BJT_BC817;Package_TO_SOT_SMD:SOT-23;http://www.fairchildsemi.com/ds/BC/BC817.pdf
;;K14;BC817;archive:Transistor_BJT_BC817;Package_TO_SOT_SMD:SOT-23;http://www.fairchildsemi.com/ds/BC/BC817.pdf
;;K15;BC817;archive:Transistor_BJT_BC817;Package_TO_SOT_SMD:SOT-23;http://www.fairchildsemi.com/ds/BC/BC817.pdf
;;K16;BC817;archive:Transistor_BJT_BC817;Package_TO_SOT_SMD:SOT-23;http://www.fairchildsemi.com/ds/BC/BC817.pdf
;;K17;BC817;archive:Transistor_BJT_BC817;Package_TO_SOT_SMD:SOT-23;http://www.fairchildsemi.com/ds/BC/BC817.pdf
;;K18;BC817;archive:Transistor_BJT_BC817;Package_TO_SOT_SMD:SOT-23;http://www.fairchildsemi.com/ds/BC/BC817.pdf
;;K19;BC817;archive:Transistor_BJT_BC817;Package_TO_SOT_SMD:SOT-23;http://www.fairchildsemi.com/ds/BC/BC817.pdf
;;K20;BC817;archive:Transistor_BJT_BC817;Package_TO_SOT_SMD:SOT-23;http://www.fairchildsemi.com/ds/BC/BC817.pdf
;;K21;BC817;archive:Transistor_BJT_BC817;Package_TO_SOT_SMD:SOT-23;http://www.fairchildsemi.com/ds/BC/BC817.pdf
;;K22;BC817;archive:Transistor_BJT_BC817;Package_TO_SOT_SMD:SOT-23;http://www.fairchildsemi.com/ds/BC/BC817.pdf
;;K23;BC817;archive:Transistor_BJT_BC817;Package_TO_SOT_SMD:SOT-23;http://www.fairchildsemi.com/ds/BC/BC817.pdf
;;K24;BC817;archive:Transistor_BJT_BC817;Package_TO_SOT_SMD:SOT-23;http://www.fairchildsemi.com/ds/BC/BC817.pdf
;;K25;BC817;archive:Transistor_BJT_BC817;Package_TO_SOT_SMD:SOT-23;http://www.fairchildsemi.com/ds/BC/BC817.pdf
;;K26;BC817;archive:Transistor_BJT_BC817;Package_TO_SOT_SMD:SOT-23;http://www.fairchildsemi.com/ds/BC/BC817.pdf
;;K27;BC817;archive:Transistor_BJT_BC817;Package_TO_SOT_SMD:SOT-23;http://www.fairchildsemi.com/ds/BC/BC817.pdf
;;K28;BC817;archive:Transistor_BJT_BC817;Package_TO_SOT_SMD:SOT-23;http://www.fairchildsemi.com/ds/BC/BC817.pdf
;;K29;BC817;archive:Transistor_BJT_BC817;Package_TO_SOT_SMD:SOT-23;http://www.fairchildsemi.com/ds/BC/BC817.pdf
;;K30;BC817;archive:Transistor_BJT_BC817;Package_TO_SOT_SMD:SOT-23;http://www.fairchildsemi.com/ds/BC/BC817.pdf
;;K31;BC817;archive:Transistor_BJT_BC817;Package_TO_SOT_SMD:SOT-23;http://www.fairchildsemi.com/ds/BC/BC817.pdf
;;K32;BC817;archive:Transistor_BJT_BC817;Package_TO_SOT_SMD:SOT-23;http://www.fairchildsemi.com/ds/BC/BC817.pdf
;;K33;BC817;archive:Transistor_BJT_BC817;Package_TO_SOT_SMD:SOT-23;http://www.fairchildsemi.com/ds/BC/BC817.pdf
;;K34;BC817;archive:Transistor_BJT_BC817;Package_TO_SOT_SMD:SOT-23;http://www.fairchildsemi.com/ds/BC/BC817.pdf
;;K35;BC817;archive:Transistor_BJT_BC817;Package_TO_SOT_SMD:SOT-23;http://www.fairchildsemi.com/ds/BC/BC817.pdf
;;K36;BC817;archive:Transistor_BJT_BC817;Package_TO_SOT_SMD:SOT-23;http://www.fairchildsemi.com/ds/BC/BC817.pdf
;;K37;BC817;archive:Transistor_BJT_BC817;Package_TO_SOT_SMD:SOT-23;http://www.fairchildsemi.com/ds/BC/BC817.pdf
;;K38;BC817;archive:Transistor_BJT_BC817;Package_TO_SOT_SMD:SOT-23;http://www.fairchildsemi.com/ds/BC/BC817.pdf
;;K39;BC817;archive:Transistor_BJT_BC817;Package_TO_SOT_SMD:SOT-23;http://www.fairchildsemi.com/ds/BC/BC817.pdf
;;K40;BC817;archive:Transistor_BJT_BC817;Package_TO_SOT_SMD:SOT-23;http://www.fairchildsemi.com/ds/BC/BC817.pdf
;;K41;BC817;archive:Transistor_BJT_BC817;Package_TO_SOT_SMD:SOT-23;http://www.fairchildsemi.com/ds/BC/BC817.pdf
;;K42;BC817;archive:Transistor_BJT_BC817;Package_TO_SOT_SMD:SOT-23;http://www.fairchildsemi.com/ds/BC/BC817.pdf
;;K43;BC817;archive:Transistor_BJT_BC817;Package_TO_SOT_SMD:SOT-23;http://www.fairchildsemi.com/ds/BC/BC817.pdf
;;K44;BC817;archive:Transistor_BJT_BC817;Package_TO_SOT_SMD:SOT-23;http://www.fairchildsemi.com/ds/BC/BC817.pdf
;;K45;BC817;archive:Transistor_BJT_BC817;Package_TO_SOT_SMD:SOT-23;http://www.fairchildsemi.com/ds/BC/BC817.pdf
;;K46;BC817;archive:Transistor_BJT_BC817;Package_TO_SOT_SMD:SOT-23;http://www.fairchildsemi.com/ds/BC/BC817.pdf
;;K47;BC817;archive:Transistor_BJT_BC817;Package_TO_SOT_SMD:SOT-23;http://www.fairchildsemi.com/ds/BC/BC817.pdf
;;K48;BC817;archive:Transistor_BJT_BC817;Package_TO_SOT_SMD:SOT-23;http://www.fairchildsemi.com/ds/BC/BC817.pdf
;;K49;BC817;archive:Transistor_BJT_BC817;Package_TO_SOT_SMD:SOT-23;http://www.fairchildsemi.com/ds/BC/BC817.pdf
;;K50;BC817;archive:Transistor_BJT_BC817;Package_TO_SOT_SMD:SOT-23;http://www.fairchildsemi.com/ds/BC/BC817.pdf
;;K51;BC817;archive:Transistor_BJT_BC817;Package_TO_SOT_SMD:SOT-23;http://www.fairchildsemi.com/ds/BC/BC817.pdf
;;K52;BC817;archive:Transistor_BJT_BC817;Package_TO_SOT_SMD:SOT-23;http://www.fairchildsemi.com/ds/BC/BC817.pdf
;;K53;BC817;archive:Transistor_BJT_BC817;Package_TO_SOT_SMD:SOT-23;http://www.fairchildsemi.com/ds/BC/BC817.pdf
;;K54;BC817;archive:Transistor_BJT_BC817;Package_TO_SOT_SMD:SOT-23;http://www.fairchildsemi.com/ds/BC/BC817.pdf
;;K55;BC817;archive:Transistor_BJT_BC817;Package_TO_SOT_SMD:SOT-23;http://www.fairchildsemi.com/ds/BC/BC817.pdf
;;K56;BC817;archive:Transistor_BJT_BC817;Package_TO_SOT_SMD:SOT-23;http://www.fairchildsemi.com/ds/BC/BC817.pdf
;;K57;BC817;archive:Transistor_BJT_BC817;Package_TO_SOT_SMD:SOT-23;http://www.fairchildsemi.com/ds/BC/BC817.pdf
;;K58;BC817;archive:Transistor_BJT_BC817;Package_TO_SOT_SMD:SOT-23;http://www.fairchildsemi.com/ds/BC/BC817.pdf
;;K59;BC817;archive:Transistor_BJT_BC817;Package_TO_SOT_SMD:SOT-23;http://www.fairchildsemi.com/ds/BC/BC817.pdf
;;K60;BC817;archive:Transistor_BJT_BC817;Package_TO_SOT_SMD:SOT-23;http://www.fairchildsemi.com/ds/BC/BC817.pdf
;;K61;BC817;archive:Transistor_BJT_BC817;Package_TO_SOT_SMD:SOT-23;http://www.fairchildsemi.com/ds/BC/BC817.pdf
;;K62;BC817;archive:Transistor_BJT_BC817;Package_TO_SOT_SMD:SOT-23;http://www.fairchildsemi.com/ds/BC/BC817.pdf
;;K63;BC817;archive:Transistor_BJT_BC817;Package_TO_SOT_SMD:SOT-23;http://www.fairchildsemi.com/ds/BC/BC817.pdf
;;K64;BC817;archive:Transistor_BJT_BC817;Package_TO_SOT_SMD:SOT-23;http://www.fairchildsemi.com/ds/BC/BC817.pdf
;;K65;BC817;archive:Transistor_BJT_BC817;Package_TO_SOT_SMD:SOT-23;http://www.fairchildsemi.com/ds/BC/BC817.pdf
;;K66;BC817;archive:Transistor_BJT_BC817;Package_TO_SOT_SMD:SOT-23;http://www.fairchildsemi.com/ds/BC/BC817.pdf
;;K67;BC817;archive:Transistor_BJT_BC817;Package_TO_SOT_SMD:SOT-23;http://www.fairchildsemi.com/ds/BC/BC817.pdf
;;K68;BC817;archive:Transistor_BJT_BC817;Package_TO_SOT_SMD:SOT-23;http://www.fairchildsemi.com/ds/BC/BC817.pdf
;;K69;BC817;archive:Transistor_BJT_BC817;Package_TO_SOT_SMD:SOT-23;http://www.fairchildsemi.com/ds/BC/BC817.pdf
;;K70;BC817;archive:Transistor_BJT_BC817;Package_TO_SOT_SMD:SOT-23;http://www.fairchildsemi.com/ds/BC/BC817.pdf
;;K71;BC817;archive:Transistor_BJT_BC817;Package_TO_SOT_SMD:SOT-23;http://www.fairchildsemi.com/ds/BC/BC817.pdf
;;K72;BC817;archive:Transistor_BJT_BC817;Package_TO_SOT_SMD:SOT-23;http://www.fairchildsemi.com/ds/BC/BC817.pdf
;;K73;BC817;archive:Transistor_BJT_BC817;Package_TO_SOT_SMD:SOT-23;http://www.fairchildsemi.com/ds/BC/BC817.pdf
;;K74;BC817;archive:Transistor_BJT_BC817;Package_TO_SOT_SMD:SOT-23;http://www.fairchildsemi.com/ds/BC/BC817.pdf
;;K75;BC817;archive:Transistor_BJT_BC817;Package_TO_SOT_SMD:SOT-23;http://www.fairchildsemi.com/ds/BC/BC817.pdf
;;K76;BC817;archive:Transistor_BJT_BC817;Package_TO_SOT_SMD:SOT-23;http://www.fairchildsemi.com/ds/BC/BC817.pdf
;;K77;BC817;archive:Transistor_BJT_BC817;Package_TO_SOT_SMD:SOT-23;http://www.fairchildsemi.com/ds/BC/BC817.pdf
;;K78;BC817;archive:Transistor_BJT_BC817;Package_TO_SOT_SMD:SOT-23;http://www.fairchildsemi.com/ds/BC/BC817.pdf
;;K79;BC817;archive:Transistor_BJT_BC817;Package_TO_SOT_SMD:SOT-23;http://www.fairchildsemi.com/ds/BC/BC817.pdf
;;K80;BC817;archive:Transistor_BJT_BC817;Package_TO_SOT_SMD:SOT-23;http://www.fairchildsemi.com/ds/BC/BC817.pdf
;;K81;BC817;archive:Transistor_BJT_BC817;Package_TO_SOT_SMD:SOT-23;http://www.fairchildsemi.com/ds/BC/BC817.pdf
;;K82;BC817;archive:Transistor_BJT_BC817;Package_TO_SOT_SMD:SOT-23;http://www.fairchildsemi.com/ds/BC/BC817.pdf
;;K83;BC817;archive:Transistor_BJT_BC817;Package_TO_SOT_SMD:SOT-23;http://www.fairchildsemi.com/ds/BC/BC817.pdf
;;K84;BC817;archive:Transistor_BJT_BC817;Package_TO_SOT_SMD:SOT-23;http://www.fairchildsemi.com/ds/BC/BC817.pdf
;;K85;BC817;archive:Transistor_BJT_BC817;Package_TO_SOT_SMD:SOT-23;http://www.fairchildsemi.com/ds/BC/BC817.pdf
;;K86;BC817;archive:Transistor_BJT_BC817;Package_TO_SOT_SMD:SOT-23;http://www.fairchildsemi.com/ds/BC/BC817.pdf
;;K87;BC817;archive:Transistor_BJT_BC817;Package_TO_SOT_SMD:SOT-23;http://www.fairchildsemi.com/ds/BC/BC817.pdf
;;K88;BC817;archive:Transistor_BJT_BC817;Package_TO_SOT_SMD:SOT-23;http://www.fairchildsemi.com/ds/BC/BC817.pdf
;;K89;BC817;archive:Transistor_BJT_BC817;Package_TO_SOT_SMD:SOT-23;http://www.fairchildsemi.com/ds/BC/BC817.pdf
;;K90;BC817;archive:Transistor_BJT_BC817;Package_TO_SOT_SMD:SOT-23;http://www.fairchildsemi.com/ds/BC/BC817.pdf
;;K91;BC817;archive:Transistor_BJT_BC817;Package_TO_SOT_SMD:SOT-23;http://www.fairchildsemi.com/ds/BC/BC817.pdf
;;K92;74LS132;archive:74xx_74LS132;Package_SO:SOIC-14_3.9x8.7mm_P1.27mm;http://www.ti.com/lit/gpn/sn74LS132
;;K93;74LS132;archive:74xx_74LS132;Package_SO:SOIC-14_3.9x8.7mm_P1.27mm;http://www.ti.com/lit/gpn/sn74LS132
;;K94;BC817;archive:Transistor_BJT_BC817;Package_TO_SOT_SMD:SOT-23;http://www.fairchildsemi.com/ds/BC/BC817.pdf
;;K95;BC817;archive:Transistor_BJT_BC817;Package_TO_SOT_SMD:SOT-23;http://www.fairchildsemi.com/ds/BC/BC817.pdf
;;K96;BC817;archive:Transistor_BJT_BC817;Package_TO_SOT_SMD:SOT-23;http://www.fairchildsemi.com/ds/BC/BC817.pdf
;;K97;BC817;archive:Transistor_BJT_BC817;Package_TO_SOT_SMD:SOT-23;http://www.fairchildsemi.com/ds/BC/BC817.pdf
;;P1;LED_R;archive:Device_LED;LED_SMD:LED_1206_3216_ReverseMount_Hole2x2.4mm;~
;;P2;LED_R;archive:Device_LED;LED_SMD:LED_1206_3216_ReverseMount_Hole2x2.4mm;~
;;P3;LED_R;archive:Device_LED;LED_SMD:LED_1206_3216_ReverseMount_Hole2x2.4mm;~
;;P4;LED_R;archive:Device_LED;LED_SMD:LED_1206_3216_ReverseMount_Hole2x2.4mm;~
;;P5;LED_R;archive:Device_LED;LED_SMD:LED_1206_3216_ReverseMount_Hole2x2.4mm;~
;;P6;LED_R;archive:Device_LED;LED_SMD:LED_1206_3216_ReverseMount_Hole2x2.4mm;~
;;P7;LED_R;archive:Device_LED;LED_SMD:LED_1206_3216_ReverseMount_Hole2x2.4mm;~
;;P8;LED_R;archive:Device_LED;LED_SMD:LED_1206_3216_ReverseMount_Hole2x2.4mm;~
;;P9;LED_R;archive:Device_LED;LED_SMD:LED_1206_3216_ReverseMount_Hole2x2.4mm;~
;;P10;LED_R;archive:Device_LED;LED_SMD:LED_1206_3216_ReverseMount_Hole2x2.4mm;~
;;P11;LED_R;archive:Device_LED;LED_SMD:LED_1206_3216_ReverseMount_Hole2x2.4mm;~
;;P12;LED_R;archive:Device_LED;LED_SMD:LED_1206_3216_ReverseMount_Hole2x2.4mm;~
;;P13;LED_R;archive:Device_LED;LED_SMD:LED_1206_3216_ReverseMount_Hole2x2.4mm;~
;;P14;LED_R;archive:Device_LED;LED_SMD:LED_1206_3216_ReverseMount_Hole2x2.4mm;~
;;P15;LED_R;archive:Device_LED;LED_SMD:LED_1206_3216_ReverseMount_Hole2x2.4mm;~
;;P16;LED_R;archive:Device_LED;LED_SMD:LED_1206_3216_ReverseMount_Hole2x2.4mm;~
;;P17;LED_R;archive:Device_LED;LED_SMD:LED_1206_3216_ReverseMount_Hole2x2.4mm;~
;;P18;LED_R;archive:Device_LED;LED_SMD:LED_1206_3216_ReverseMount_Hole2x2.4mm;~
;;P19;LED_R;archive:Device_LED;LED_SMD:LED_1206_3216_ReverseMount_Hole2x2.4mm;~
;;P20;LED_R;archive:Device_LED;LED_SMD:LED_1206_3216_ReverseMount_Hole2x2.4mm;~
;;P21;LED_R;archive:Device_LED_Small;LED_SMD:LED_1206_3216_ReverseMount_Hole2x2.4mm;~
;;P22;LED_R;archive:Device_LED_Small;LED_SMD:LED_1206_3216_ReverseMount_Hole2x2.4mm;~
;;P23;LED_R;archive:Device_LED_Small;LED_SMD:LED_1206_3216_ReverseMount_Hole2x2.4mm;~
;;P24;LED_R;archive:Device_LED_Small;LED_SMD:LED_1206_3216_ReverseMount_Hole2x2.4mm;~
;;P25;LED_R;archive:Device_LED_Small;LED_SMD:LED_1206_3216_ReverseMount_Hole2x2.4mm;~
;;P26;LED_R;archive:Device_LED_Small;LED_SMD:LED_1206_3216_ReverseMount_Hole2x2.4mm;~
;;P27;LED_R;archive:Device_LED_Small;LED_SMD:LED_1206_3216_ReverseMount_Hole2x2.4mm;~
;;P28;LED_R;archive:Device_LED_Small;LED_SMD:LED_1206_3216_ReverseMount_Hole2x2.4mm;~
;;P29;LED_R;archive:Device_LED_Small;LED_SMD:LED_1206_3216_ReverseMount_Hole2x2.4mm;~
;;P30;LED_R;archive:Device_LED_Small;LED_SMD:LED_1206_3216_ReverseMount_Hole2x2.4mm;~
;;P31;LED_R;archive:Device_LED_Small;LED_SMD:LED_1206_3216_ReverseMount_Hole2x2.4mm;~
;;P32;LED_R;archive:Device_LED_Small;LED_SMD:LED_1206_3216_ReverseMount_Hole2x2.4mm;~
;;P33;LED_R;archive:Device_LED_Small;LED_SMD:LED_1206_3216_ReverseMount_Hole2x2.4mm;~
;;P34;LED_R;archive:Device_LED_Small;LED_SMD:LED_1206_3216_ReverseMount_Hole2x2.4mm;~
;;P35;LED_R;archive:Device_LED_Small;LED_SMD:LED_1206_3216_ReverseMount_Hole2x2.4mm;~
;;P36;LED_R;archive:Device_LED_Small;LED_SMD:LED_1206_3216_ReverseMount_Hole2x2.4mm;~
;;P37;LED_R;archive:Device_LED_Small;LED_SMD:LED_1206_3216_ReverseMount_Hole2x2.4mm;~
;;P38;LED_R;archive:Device_LED_Small;LED_SMD:LED_1206_3216_ReverseMount_Hole2x2.4mm;~
;;P39;LED_R;archive:Device_LED_Small;LED_SMD:LED_1206_3216_ReverseMount_Hole2x2.4mm;~
;;P40;LED_R;archive:Device_LED_Small;LED_SMD:LED_1206_3216_ReverseMount_Hole2x2.4mm;~
;;P41;LED_R;archive:Device_LED_Small;LED_SMD:LED_1206_3216_ReverseMount_Hole2x2.4mm;~
;;P42;LED_R;archive:Device_LED_Small;LED_SMD:LED_1206_3216_ReverseMount_Hole2x2.4mm;~
;;P43;LED_R;archive:Device_LED_Small;LED_SMD:LED_1206_3216_ReverseMount_Hole2x2.4mm;~
;;P44;LED_R;archive:Device_LED_Small;LED_SMD:LED_1206_3216_ReverseMount_Hole2x2.4mm;~
;;R1;10K;Device:R_Small;Resistor_SMD:R_1206_3216Metric;~
;;R2;220;Device:R_Small;Resistor_SMD:R_1206_3216Metric;~
;;R3;10K;Device:R_Small;Resistor_SMD:R_1206_3216Metric;~
;;R4;100;Device:R_Small;Resistor_SMD:R_1206_3216Metric;~
;;R5;3K3;archive:Device_R;Resistor_SMD:R_1206_3216Metric;~
;;R6;3K3;archive:Device_R;Resistor_SMD:R_1206_3216Metric;~
;;R7;3K3;archive:Device_R;Resistor_SMD:R_1206_3216Metric;~
;;R8;3K3;archive:Device_R;Resistor_SMD:R_1206_3216Metric;~
;;R9;1K5;archive:Device_R;Resistor_SMD:R_1206_3216Metric;~
;;R10;1K5;archive:Device_R;Resistor_SMD:R_1206_3216Metric;~
;;R11;1K5;archive:Device_R;Resistor_SMD:R_1206_3216Metric;~
;;R12;1K5;archive:Device_R;Resistor_SMD:R_1206_3216Metric;~
;;R13;3K3;archive:Device_R;Resistor_SMD:R_1206_3216Metric;~
;;R14;3K3;archive:Device_R;Resistor_SMD:R_1206_3216Metric;~
;;R15;3K3;archive:Device_R;Resistor_SMD:R_1206_3216Metric;~
;;R16;3K3;archive:Device_R;Resistor_SMD:R_1206_3216Metric;~
;;R17;1K5;archive:Device_R;Resistor_SMD:R_1206_3216Metric;~
;;R18;1K5;archive:Device_R;Resistor_SMD:R_1206_3216Metric;~
;;R19;1K5;archive:Device_R;Resistor_SMD:R_1206_3216Metric;~
;;R20;1K5;archive:Device_R;Resistor_SMD:R_1206_3216Metric;~
;;R21;3K3;archive:Device_R;Resistor_SMD:R_1206_3216Metric;~
;;R22;3K3;archive:Device_R;Resistor_SMD:R_1206_3216Metric;~
;;R23;3K3;archive:Device_R;Resistor_SMD:R_1206_3216Metric;~
;;R24;3K3;archive:Device_R;Resistor_SMD:R_1206_3216Metric;~
;;R25;1K5;archive:Device_R;Resistor_SMD:R_1206_3216Metric;~
;;R26;1K5;archive:Device_R;Resistor_SMD:R_1206_3216Metric;~
;;R27;1K5;archive:Device_R;Resistor_SMD:R_1206_3216Metric;~
;;R28;1K5;archive:Device_R;Resistor_SMD:R_1206_3216Metric;~
;;R29;3K3;archive:Device_R;Resistor_SMD:R_1206_3216Metric;~
;;R30;3K3;archive:Device_R;Resistor_SMD:R_1206_3216Metric;~
;;R31;3K3;archive:Device_R;Resistor_SMD:R_1206_3216Metric;~
;;R32;3K3;archive:Device_R;Resistor_SMD:R_1206_3216Metric;~
;;R33;1K5;archive:Device_R;Resistor_SMD:R_1206_3216Metric;~
;;R34;1K5;archive:Device_R;Resistor_SMD:R_1206_3216Metric;~
;;R35;1K5;archive:Device_R;Resistor_SMD:R_1206_3216Metric;~
;;R36;1K5;archive:Device_R;Resistor_SMD:R_1206_3216Metric;~
;;R37;10K;archive:Device_R_Small;Resistor_SMD:R_1206_3216Metric;~
;;R38;10K;archive:Device_R_Small;Resistor_SMD:R_1206_3216Metric;~
;;R39;10K;archive:Device_R_Small;Resistor_SMD:R_1206_3216Metric;~
;;R40;10K;archive:Device_R_Small;Resistor_SMD:R_1206_3216Metric;~
;;R41;3K3;archive:Device_R_Small;Resistor_SMD:R_1206_3216Metric;~
;;R42;1K5;archive:Device_R_Small;Resistor_SMD:R_1206_3216Metric;~
;;R43;3K3;archive:Device_R_Small;Resistor_SMD:R_1206_3216Metric;~
;;R44;1K5;archive:Device_R_Small;Resistor_SMD:R_1206_3216Metric;~
;;R45;3K3;archive:Device_R_Small;Resistor_SMD:R_1206_3216Metric;~
;;R46;1K5;archive:Device_R_Small;Resistor_SMD:R_1206_3216Metric;~
;;R47;3K3;archive:Device_R_Small;Resistor_SMD:R_1206_3216Metric;~
;;R48;1K5;archive:Device_R_Small;Resistor_SMD:R_1206_3216Metric;~
;;R49;1K5;archive:Device_R_Small;Resistor_SMD:R_1206_3216Metric;~
;;R50;1K5;archive:Device_R_Small;Resistor_SMD:R_1206_3216Metric;~
;;R51;1K5;archive:Device_R_Small;Resistor_SMD:R_1206_3216Metric;~
;;R52;1K5;archive:Device_R_Small;Resistor_SMD:R_1206_3216Metric;~
;;R53;3K3;archive:Device_R_Small;Resistor_SMD:R_1206_3216Metric;~
;;R54;1K5;archive:Device_R_Small;Resistor_SMD:R_1206_3216Metric;~
;;R55;3K3;archive:Device_R_Small;Resistor_SMD:R_1206_3216Metric;~
;;R56;1K5;archive:Device_R_Small;Resistor_SMD:R_1206_3216Metric;~
;;R57;3K3;archive:Device_R_Small;Resistor_SMD:R_1206_3216Metric;~
;;R58;1K5;archive:Device_R_Small;Resistor_SMD:R_1206_3216Metric;~
;;R59;3K3;archive:Device_R_Small;Resistor_SMD:R_1206_3216Metric;~
;;R60;1K5;archive:Device_R_Small;Resistor_SMD:R_1206_3216Metric;~
;;R61;1K5;archive:Device_R_Small;Resistor_SMD:R_1206_3216Metric;~
;;R62;1K5;archive:Device_R_Small;Resistor_SMD:R_1206_3216Metric;~
;;R63;1K5;archive:Device_R_Small;Resistor_SMD:R_1206_3216Metric;~
;;R64;1K5;archive:Device_R_Small;Resistor_SMD:R_1206_3216Metric;~
;;R65;10K;archive:Device_R_Small;Resistor_SMD:R_1206_3216Metric;~
;;R66;10K;archive:Device_R_Small;Resistor_SMD:R_1206_3216Metric;~
;;R67;10K;archive:Device_R_Small;Resistor_SMD:R_1206_3216Metric;~
;;R68;10K;archive:Device_R_Small;Resistor_SMD:R_1206_3216Metric;~
;;R69;3K3;archive:Device_R_Small;Resistor_SMD:R_1206_3216Metric;~
;;R70;1K5;archive:Device_R_Small;Resistor_SMD:R_1206_3216Metric;~
;;R71;3K3;archive:Device_R_Small;Resistor_SMD:R_1206_3216Metric;~
;;R72;1K5;archive:Device_R_Small;Resistor_SMD:R_1206_3216Metric;~
;;R73;3K3;archive:Device_R_Small;Resistor_SMD:R_1206_3216Metric;~
;;R74;1K5;archive:Device_R_Small;Resistor_SMD:R_1206_3216Metric;~
;;R75;3K3;archive:Device_R_Small;Resistor_SMD:R_1206_3216Metric;~
;;R76;1K5;archive:Device_R_Small;Resistor_SMD:R_1206_3216Metric;~
;;R77;1K5;archive:Device_R_Small;Resistor_SMD:R_1206_3216Metric;~
;;R78;1K5;archive:Device_R_Small;Resistor_SMD:R_1206_3216Metric;~
;;R79;1K5;archive:Device_R_Small;Resistor_SMD:R_1206_3216Metric;~
;;R80;1K5;archive:Device_R_Small;Resistor_SMD:R_1206_3216Metric;~
;;R81;3K3;archive:Device_R_Small;Resistor_SMD:R_1206_3216Metric;~
;;R82;1K5;archive:Device_R_Small;Resistor_SMD:R_1206_3216Metric;~
;;R83;3K3;archive:Device_R_Small;Resistor_SMD:R_1206_3216Metric;~
;;R84;1K5;archive:Device_R_Small;Resistor_SMD:R_1206_3216Metric;~
;;R85;3K3;archive:Device_R_Small;Resistor_SMD:R_1206_3216Metric;~
;;R86;1K5;archive:Device_R_Small;Resistor_SMD:R_1206_3216Metric;~
;;R87;3K3;archive:Device_R_Small;Resistor_SMD:R_1206_3216Metric;~
;;R88;1K5;archive:Device_R_Small;Resistor_SMD:R_1206_3216Metric;~
;;R89;1K5;archive:Device_R_Small;Resistor_SMD:R_1206_3216Metric;~
;;R90;1K5;archive:Device_R_Small;Resistor_SMD:R_1206_3216Metric;~
;;R91;1K5;archive:Device_R_Small;Resistor_SMD:R_1206_3216Metric;~
;;R92;1K5;archive:Device_R_Small;Resistor_SMD:R_1206_3216Metric;~
;;R93;10K;archive:Device_R_Small;Resistor_SMD:R_1206_3216Metric;~
;;R94;10K;archive:Device_R_Small;Resistor_SMD:R_1206_3216Metric;~
;;R95;10K;archive:Device_R_Small;Resistor_SMD:R_1206_3216Metric;~
;;R96;10K;archive:Device_R_Small;Resistor_SMD:R_1206_3216Metric;~
;;R97;3K3;archive:Device_R_Small;Resistor_SMD:R_1206_3216Metric;~
;;R98;1K5;archive:Device_R_Small;Resistor_SMD:R_1206_3216Metric;~
;;R99;3K3;archive:Device_R_Small;Resistor_SMD:R_1206_3216Metric;~
;;R100;1K5;archive:Device_R_Small;Resistor_SMD:R_1206_3216Metric;~
;;R101;3K3;archive:Device_R_Small;Resistor_SMD:R_1206_3216Metric;~
;;R102;1K5;archive:Device_R_Small;Resistor_SMD:R_1206_3216Metric;~
;;R103;3K3;archive:Device_R_Small;Resistor_SMD:R_1206_3216Metric;~
;;R104;1K5;archive:Device_R_Small;Resistor_SMD:R_1206_3216Metric;~
;;R105;1K5;archive:Device_R_Small;Resistor_SMD:R_1206_3216Metric;~
;;R106;1K5;archive:Device_R_Small;Resistor_SMD:R_1206_3216Metric;~
;;R107;1K5;archive:Device_R_Small;Resistor_SMD:R_1206_3216Metric;~
;;R108;1K5;archive:Device_R_Small;Resistor_SMD:R_1206_3216Metric;~
;;R109;3K3;archive:Device_R_Small;Resistor_SMD:R_1206_3216Metric;~
;;R110;1K5;archive:Device_R_Small;Resistor_SMD:R_1206_3216Metric;~
;;R111;3K3;archive:Device_R_Small;Resistor_SMD:R_1206_3216Metric;~
;;R112;1K5;archive:Device_R_Small;Resistor_SMD:R_1206_3216Metric;~
;;R113;3K3;archive:Device_R_Small;Resistor_SMD:R_1206_3216Metric;~
;;R114;1K5;archive:Device_R_Small;Resistor_SMD:R_1206_3216Metric;~
;;R115;3K3;archive:Device_R_Small;Resistor_SMD:R_1206_3216Metric;~
;;R116;1K5;archive:Device_R_Small;Resistor_SMD:R_1206_3216Metric;~
;;R117;1K5;archive:Device_R_Small;Resistor_SMD:R_1206_3216Metric;~
;;R118;1K5;archive:Device_R_Small;Resistor_SMD:R_1206_3216Metric;~
;;R119;1K5;archive:Device_R_Small;Resistor_SMD:R_1206_3216Metric;~
;;R120;1K5;archive:Device_R_Small;Resistor_SMD:R_1206_3216Metric;~
;;R121;10K;archive:Device_R_Small;Resistor_SMD:R_1206_3216Metric;~
;;R122;10K;archive:Device_R_Small;Resistor_SMD:R_1206_3216Metric;~
;;R123;10K;archive:Device_R_Small;Resistor_SMD:R_1206_3216Metric;~
;;R124;10K;archive:Device_R_Small;Resistor_SMD:R_1206_3216Metric;~
;;R125;3K3;archive:Device_R_Small;Resistor_SMD:R_1206_3216Metric;~
;;R126;1K5;archive:Device_R_Small;Resistor_SMD:R_1206_3216Metric;~
;;R127;3K3;archive:Device_R_Small;Resistor_SMD:R_1206_3216Metric;~
;;R128;1K5;archive:Device_R_Small;Resistor_SMD:R_1206_3216Metric;~
;;R129;3K3;archive:Device_R_Small;Resistor_SMD:R_1206_3216Metric;~
;;R130;1K5;archive:Device_R_Small;Resistor_SMD:R_1206_3216Metric;~
;;R131;3K3;archive:Device_R_Small;Resistor_SMD:R_1206_3216Metric;~
;;R132;1K5;archive:Device_R_Small;Resistor_SMD:R_1206_3216Metric;~
;;R133;1K5;archive:Device_R_Small;Resistor_SMD:R_1206_3216Metric;~
;;R134;1K5;archive:Device_R_Small;Resistor_SMD:R_1206_3216Metric;~
;;R135;1K5;archive:Device_R_Small;Resistor_SMD:R_1206_3216Metric;~
;;R136;1K5;archive:Device_R_Small;Resistor_SMD:R_1206_3216Metric;~
;;R137;3K3;archive:Device_R_Small;Resistor_SMD:R_1206_3216Metric;~
;;R138;1K5;archive:Device_R_Small;Resistor_SMD:R_1206_3216Metric;~
;;R139;3K3;archive:Device_R_Small;Resistor_SMD:R_1206_3216Metric;~
;;R140;1K5;archive:Device_R_Small;Resistor_SMD:R_1206_3216Metric;~
;;R141;3K3;archive:Device_R_Small;Resistor_SMD:R_1206_3216Metric;~
;;R142;1K5;archive:Device_R_Small;Resistor_SMD:R_1206_3216Metric;~
;;R143;3K3;archive:Device_R_Small;Resistor_SMD:R_1206_3216Metric;~
;;R144;1K5;archive:Device_R_Small;Resistor_SMD:R_1206_3216Metric;~
;;R145;1K5;archive:Device_R_Small;Resistor_SMD:R_1206_3216Metric;~
;;R146;1K5;archive:Device_R_Small;Resistor_SMD:R_1206_3216Metric;~
;;R147;1K5;archive:Device_R_Small;Resistor_SMD:R_1206_3216Metric;~
;;R148;1K5;archive:Device_R_Small;Resistor_SMD:R_1206_3216Metric;~
;;R149;10K;archive:Device_R_Small;Resistor_SMD:R_1206_3216Metric;~
;;R150;10K;archive:Device_R_Small;Resistor_SMD:R_1206_3216Metric;~
;;R151;10K;archive:Device_R_Small;Resistor_SMD:R_1206_3216Metric;~
;;R152;10K;archive:Device_R_Small;Resistor_SMD:R_1206_3216Metric;~
;;R153;3K3;archive:Device_R_Small;Resistor_SMD:R_1206_3216Metric;~
;;R154;1K5;archive:Device_R_Small;Resistor_SMD:R_1206_3216Metric;~
;;R155;3K3;archive:Device_R_Small;Resistor_SMD:R_1206_3216Metric;~
;;R156;1K5;archive:Device_R_Small;Resistor_SMD:R_1206_3216Metric;~
;;R157;3K3;archive:Device_R_Small;Resistor_SMD:R_1206_3216Metric;~
;;R158;1K5;archive:Device_R_Small;Resistor_SMD:R_1206_3216Metric;~
;;R159;3K3;archive:Device_R_Small;Resistor_SMD:R_1206_3216Metric;~
;;R160;1K5;archive:Device_R_Small;Resistor_SMD:R_1206_3216Metric;~
;;R161;1K5;archive:Device_R_Small;Resistor_SMD:R_1206_3216Metric;~
;;R162;1K5;archive:Device_R_Small;Resistor_SMD:R_1206_3216Metric;~
;;R163;1K5;archive:Device_R_Small;Resistor_SMD:R_1206_3216Metric;~
;;R164;1K5;archive:Device_R_Small;Resistor_SMD:R_1206_3216Metric;~
;;R165;3K3;archive:Device_R_Small;Resistor_SMD:R_1206_3216Metric;~
;;R166;1K5;archive:Device_R_Small;Resistor_SMD:R_1206_3216Metric;~
;;R167;3K3;archive:Device_R_Small;Resistor_SMD:R_1206_3216Metric;~
;;R168;1K5;archive:Device_R_Small;Resistor_SMD:R_1206_3216Metric;~
;;R169;3K3;archive:Device_R_Small;Resistor_SMD:R_1206_3216Metric;~
;;R170;1K5;archive:Device_R_Small;Resistor_SMD:R_1206_3216Metric;~
;;R171;3K3;archive:Device_R_Small;Resistor_SMD:R_1206_3216Metric;~
;;R172;1K5;archive:Device_R_Small;Resistor_SMD:R_1206_3216Metric;~
;;R173;1K5;archive:Device_R_Small;Resistor_SMD:R_1206_3216Metric;~
;;R174;1K5;archive:Device_R_Small;Resistor_SMD:R_1206_3216Metric;~
;;R175;1K5;archive:Device_R_Small;Resistor_SMD:R_1206_3216Metric;~
;;R176;1K5;archive:Device_R_Small;Resistor_SMD:R_1206_3216Metric;~
;;R177;10K;archive:Device_R_Small;Resistor_SMD:R_1206_3216Metric;~
;;R178;10K;archive:Device_R_Small;Resistor_SMD:R_1206_3216Metric;~
;;R179;10K;archive:Device_R_Small;Resistor_SMD:R_1206_3216Metric;~
;;R180;10K;archive:Device_R_Small;Resistor_SMD:R_1206_3216Metric;~
;;R181;3K3;archive:Device_R_Small;Resistor_SMD:R_1206_3216Metric;~
;;R182;1K5;archive:Device_R_Small;Resistor_SMD:R_1206_3216Metric;~
;;R183;3K3;archive:Device_R_Small;Resistor_SMD:R_1206_3216Metric;~
;;R184;1K5;archive:Device_R_Small;Resistor_SMD:R_1206_3216Metric;~
;;R185;3K3;archive:Device_R_Small;Resistor_SMD:R_1206_3216Metric;~
;;R186;1K5;archive:Device_R_Small;Resistor_SMD:R_1206_3216Metric;~
;;R187;3K3;archive:Device_R_Small;Resistor_SMD:R_1206_3216Metric;~
;;R188;1K5;archive:Device_R_Small;Resistor_SMD:R_1206_3216Metric;~
;;R189;1K5;archive:Device_R_Small;Resistor_SMD:R_1206_3216Metric;~
;;R190;1K5;archive:Device_R_Small;Resistor_SMD:R_1206_3216Metric;~
;;R191;1K5;archive:Device_R_Small;Resistor_SMD:R_1206_3216Metric;~
;;R192;1K5;archive:Device_R_Small;Resistor_SMD:R_1206_3216Metric;~
;;R193;3K3;archive:Device_R_Small;Resistor_SMD:R_1206_3216Metric;~
;;R194;1K5;archive:Device_R_Small;Resistor_SMD:R_1206_3216Metric;~
;;R195;3K3;archive:Device_R_Small;Resistor_SMD:R_1206_3216Metric;~
;;R196;1K5;archive:Device_R_Small;Resistor_SMD:R_1206_3216Metric;~
;;R197;3K3;archive:Device_R_Small;Resistor_SMD:R_1206_3216Metric;~
;;R198;1K5;archive:Device_R_Small;Resistor_SMD:R_1206_3216Metric;~
;;R199;3K3;archive:Device_R_Small;Resistor_SMD:R_1206_3216Metric;~
;;R200;1K5;archive:Device_R_Small;Resistor_SMD:R_1206_3216Metric;~
;;R201;1K5;archive:Device_R_Small;Resistor_SMD:R_1206_3216Metric;~
;;R202;1K5;archive:Device_R_Small;Resistor_SMD:R_1206_3216Metric;~
;;R203;1K5;archive:Device_R_Small;Resistor_SMD:R_1206_3216Metric;~
;;R204;1K5;archive:Device_R_Small;Resistor_SMD:R_1206_3216Metric;~
;;R205;3K3;archive:Device_R;Resistor_SMD:R_1206_3216Metric;~
;;R206;1K5;archive:Device_R;Resistor_SMD:R_1206_3216Metric;~
;;R207;3K3;archive:Device_R;Resistor_SMD:R_1206_3216Metric;~
;;R208;1K5;archive:Device_R;Resistor_SMD:R_1206_3216Metric;~
;;R209;1K5;archive:Device_R;Resistor_SMD:R_1206_3216Metric;~
;;R210;1K5;archive:Device_R;Resistor_SMD:R_1206_3216Metric;~
;;R211;3K3;archive:Device_R;Resistor_SMD:R_1206_3216Metric;~
;;R212;1K5;archive:Device_R;Resistor_SMD:R_1206_3216Metric;~
;;R213;3K3;archive:Device_R;Resistor_SMD:R_1206_3216Metric;~
;;R214;1K5;archive:Device_R;Resistor_SMD:R_1206_3216Metric;~
;;R215;1K5;archive:Device_R;Resistor_SMD:R_1206_3216Metric;~
;;R216;1K5;archive:Device_R;Resistor_SMD:R_1206_3216Metric;~
;;S1;SW_ON/ON;Switch:SW_SPDT;Button_Switch_THT:SW_Slide_MSS120004;~
;;S2;SW_ON/ON;Switch:SW_SPDT;Button_Switch_THT:SW_Slide_MSS120004;~
;;S3;SW_ON/ON;Switch:SW_SPDT;Button_Switch_THT:SW_Slide_MSS120004;~
;;S4;SW_ON/ON;Switch:SW_SPDT;Button_Switch_THT:SW_Slide_MSS120004;~
;;S5;SW_ON/ON;archive:Switch_SW_SPDT;Button_Switch_THT:SW_Slide_MSS120004;~
;;S6;SW_ON/ON;archive:Switch_SW_SPDT;Button_Switch_THT:SW_Slide_MSS120004;~
;;S7;SW_ON/ON;archive:Switch_SW_SPDT;Button_Switch_THT:SW_Slide_MSS120004;~
;;S8;SW_ON/ON;archive:Switch_SW_SPDT;Button_Switch_THT:SW_Slide_MSS120004;~
;;S9;SW_ON/ON;archive:Switch_SW_SPDT;Button_Switch_THT:SW_Slide_MSS120004;~
;;S10;SW_ON/ON;archive:Switch_SW_SPDT;Button_Switch_THT:SW_Slide_MSS120004;~
;;S11;SW_ON/ON;archive:Switch_SW_SPDT;Button_Switch_THT:SW_Slide_MSS120004;~
;;S12;SW_ON/ON;archive:Switch_SW_SPDT;Button_Switch_THT:SW_Slide_MSS120004;~
;;S13;SW_ON/ON;archive:Switch_SW_SPDT;Button_Switch_THT:SW_Slide_MSS120004;~
;;S14;SW_ON/ON;archive:Switch_SW_SPDT;Button_Switch_THT:SW_Slide_MSS120004;~
;;S15;SW_ON/ON;archive:Switch_SW_SPDT;Button_Switch_THT:SW_Slide_MSS120004;~
;;S16;SW_ON/ON;archive:Switch_SW_SPDT;Button_Switch_THT:SW_Slide_MSS120004;~
;;S17;SW_ON/ON;archive:Switch_SW_SPDT;Button_Switch_THT:SW_Slide_MSS120004;~
;;S18;SW_ON/ON;archive:Switch_SW_SPDT;Button_Switch_THT:SW_Slide_MSS120004;~
;;S19;SW_ON/ON;archive:Switch_SW_SPDT;Button_Switch_THT:SW_Slide_MSS120004;~
;;S20;SW_ON/ON;archive:Switch_SW_SPDT;Button_Switch_THT:SW_Slide_MSS120004;~
;;S21;SW_ON/ON;archive:Switch_SW_SPDT;Button_Switch_THT:SW_Slide_MSS120004;~
;;S22;SW_ON/ON;archive:Switch_SW_SPDT;Button_Switch_THT:SW_Slide_MSS120004;~
;;S23;SW_ON/ON;archive:Switch_SW_SPDT;Button_Switch_THT:SW_Slide_MSS120004;~
;;S24;SW_ON/ON;archive:Switch_SW_SPDT;Button_Switch_THT:SW_Slide_MSS120004;~
;;S25;SW_ON/ON;archive:Switch_SW_SPDT;Button_Switch_THT:SW_Slide_MSS120004;~
;;S26;SW_ON/ON;archive:Switch_SW_SPDT;Button_Switch_THT:SW_Slide_MSS120004;~
;;S27;SW_ON/ON;archive:Switch_SW_SPDT;Button_Switch_THT:SW_Slide_MSS120004;~
;;S28;SW_ON/ON;archive:Switch_SW_SPDT;Button_Switch_THT:SW_Slide_MSS120004;~
;;S29;SW_Push_Eledis_5A11-F3PCAE;archive:Switch_SW_Push_Eledis_5A11-F3PCAE;Button_Switch_THT:SW_Push_Eledis_5A11-F3PCAE;
;;S30;SW_Push_Eledis_5A11-F3PCAE;archive:Switch_SW_Push_Eledis_5A11-F3PCAE;Button_Switch_THT:SW_Push_Eledis_5A11-F3PCAE;
;;S31;Jumper;archive:Jumper_Jumper_3_Bridged12;Connector_PinHeader_2.54mm:PinHeader_1x03_P2.54mm_Vertical;~
;;S32;Jumper;archive:Jumper_Jumper_3_Bridged12;Connector_PinHeader_2.54mm:PinHeader_1x03_P2.54mm_Vertical;~
;;S33;SW_Push_Eledis_5A11-F3PCAE;archive:Switch_SW_Push_Eledis_5A11-F3PCAE;Button_Switch_THT:SW_Push_Eledis_5A11-F3PCAE;
;;S34;SW_Push_Eledis_5A11-F3PCAE;archive:Switch_SW_Push_Eledis_5A11-F3PCAE;Button_Switch_THT:SW_Push_Eledis_5A11-F3PCAE;
;;S35;Jumper;archive:Jumper_Jumper_3_Bridged12;Connector_PinHeader_2.54mm:PinHeader_1x03_P2.54mm_Vertical;~
;;S36;Jumper;archive:Jumper_Jumper_3_Bridged12;Connector_PinHeader_2.54mm:PinHeader_1x03_P2.54mm_Vertical;~
;;X1;PinHeader_01x12;Connector:Conn_01x12_Male;Connector_PinHeader_2.54mm:PinHeader_1x12_P2.54mm_Vertical;~
;;X2;PinHeader_01x08;Connector:Conn_01x08_Male;Connector_PinHeader_2.54mm:PinHeader_1x08_P2.54mm_Vertical;~
;;X3;PinHeader_01x01;Connector:Conn_01x01_Male;Connector_PinHeader_2.54mm:PinHeader_1x01_P2.54mm_Vertical;~
;;X4;PinHeader_01x01;Connector:Conn_01x01_Male;Connector_PinHeader_2.54mm:PinHeader_1x01_P2.54mm_Vertical;~
;;X5;PinHeader_01x08;Connector:Conn_01x08_Male;Connector_PinHeader_2.54mm:PinHeader_1x08_P2.54mm_Vertical;~
;;X6;PinHeader_01x12;Connector:Conn_01x12_Male;Connector_PinHeader_2.54mm:PinHeader_1x12_P2.54mm_Vertical;~
;;X7;PinHeader_01x06;Connector:Conn_01x06_Male;Connector_PinHeader_2.54mm:PinHeader_1x06_P2.54mm_Vertical;~
;;X8;PinHeader_01x06;Connector:Conn_01x06_Male;Connector_PinHeader_2.54mm:PinHeader_1x06_P2.54mm_Vertical;~
;;X9;PinHeader_01x08;Connector:Conn_01x08_Male;Connector_PinHeader_2.54mm:PinHeader_1x08_P2.54mm_Vertical;~
;;X10;PinHeader_01x01;Connector:Conn_01x01_Male;Connector_PinHeader_2.54mm:PinHeader_1x01_P2.54mm_Vertical;~
;;X11;PinHeader_01x01;Connector:Conn_01x01_Male;Connector_PinHeader_2.54mm:PinHeader_1x01_P2.54mm_Vertical;~
;;X12;PinHeader_01x01;Connector:Conn_01x01_Male;Connector_PinHeader_2.54mm:PinHeader_1x01_P2.54mm_Vertical;~
;;X13;PinHeader_01x01;Connector:Conn_01x01_Male;Connector_PinHeader_2.54mm:PinHeader_1x01_P2.54mm_Vertical;~
;;X14;PinHeader_01x01;Connector:Conn_01x01_Male;Connector_PinHeader_2.54mm:PinHeader_1x01_P2.54mm_Vertical;~
;;X15;PinHeader_01x01;Connector:Conn_01x01_Male;Connector_PinHeader_2.54mm:PinHeader_1x01_P2.54mm_Vertical;~
;;X16;PinHeader_01x01;Connector:Conn_01x01_Male;Connector_PinHeader_2.54mm:PinHeader_1x01_P2.54mm_Vertical;~
;;X17;PinHeader_01x01;Connector:Conn_01x01_Male;Connector_PinHeader_2.54mm:PinHeader_1x01_P2.54mm_Vertical;~
;;X18;PinHeader_01x01;Connector:Conn_01x01_Male;Connector_PinHeader_2.54mm:PinHeader_1x01_P2.54mm_Vertical;~
;;X19;PinHeader_01x01;Connector:Conn_01x01_Male;Connector_PinHeader_2.54mm:PinHeader_1x01_P2.54mm_Vertical;~
;;X20;PinHeader_01x01;Connector:Conn_01x01_Male;Connector_PinHeader_2.54mm:PinHeader_1x01_P2.54mm_Vertical;~
;;X21;PinHeader_01x01;Connector:Conn_01x01_Male;Connector_PinHeader_2.54mm:PinHeader_1x01_P2.54mm_Vertical;~
;;X22;PinHeader_01x01;Connector:Conn_01x01_Male;Connector_PinHeader_2.54mm:PinHeader_1x01_P2.54mm_Vertical;~
;;X23;PinHeader_01x01;Connector:Conn_01x01_Male;Connector_PinHeader_2.54mm:PinHeader_1x01_P2.54mm_Vertical;~
;;X24;PinHeader_01x01;Connector:Conn_01x01_Male;Connector_PinHeader_2.54mm:PinHeader_1x01_P2.54mm_Vertical;~
;;X25;PinHeader_01x01;Connector:Conn_01x01_Male;Connector_PinHeader_2.54mm:PinHeader_1x01_P2.54mm_Vertical;~
;;X26;PinHeader_01x01;Connector:Conn_01x01_Male;Connector_PinHeader_2.54mm:PinHeader_1x01_P2.54mm_Vertical;~
;;X27;PinHeader_01x01;Connector:Conn_01x01_Male;Connector_PinHeader_2.54mm:PinHeader_1x01_P2.54mm_Vertical;~
;;X28;PinHeader_01x01;Connector:Conn_01x01_Male;Connector_PinHeader_2.54mm:PinHeader_1x01_P2.54mm_Vertical;~
;;X29;PinHeader_01x01;Connector:Conn_01x01_Male;Connector_PinHeader_2.54mm:PinHeader_1x01_P2.54mm_Vertical;~
;;X30;PinHeader_01x01;Connector:Conn_01x01_Male;Connector_PinHeader_2.54mm:PinHeader_1x01_P2.54mm_Vertical;~
;;X31;PinHeader_01x01;Connector:Conn_01x01_Male;Connector_PinHeader_2.54mm:PinHeader_1x01_P2.54mm_Vertical;~



Collated Components:;;;;;;

Item;Qty;Reference(s);Value;LibPart;Footprint;Datasheet
1;3;C1, C2, C3;100nF;Device:C_Small;Capacitor_SMD:C_0805_2012Metric;~
2;2;C4, C5;100nF;archive:Device_C;Capacitor_SMD:C_0805_2012Metric;~
3;6;H1, H2, H3, H4, H5, H6;MountingHole;Mechanical:MountingHole;MountingHole:MountingHole_4mm;~
4;3;K1, K2, K3;74LS245;74xx:74LS245;Package_SO:SOIC-20W_7.5x12.8mm_P1.27mm;http://www.ti.com/lit/gpn/sn74LS245
5;92;K4, K5, K6, K7, K8, K9, K10, K11, K12, K13, K14, K15, K16, K17, K18, K19, K20, K21, K22, K23, K24, K25, K26, K27, K28, K29, K30, K31, K32, K33, K34, K35, K36, K37, K38, K39, K40, K41, K42, K43, K44, K45, K46, K47, K48, K49, K50, K51, K52, K53, K54, K55, K56, K57, K58, K59, K60, K61, K62, K63, K64, K65, K66, K67, K68, K69, K70, K71, K72, K73, K74, K75, K76, K77, K78, K79, K80, K81, K82, K83, K84, K85, K86, K87, K88, K89, K90, K91, K94, K95, K96, K97;BC817;archive:Transistor_BJT_BC817;Package_TO_SOT_SMD:SOT-23;http://www.fairchildsemi.com/ds/BC/BC817.pdf
6;2;K92, K93;74LS132;archive:74xx_74LS132;Package_SO:SOIC-14_3.9x8.7mm_P1.27mm;http://www.ti.com/lit/gpn/sn74LS132
7;20;P1, P2, P3, P4, P5, P6, P7, P8, P9, P10, P11, P12, P13, P14, P15, P16, P17, P18, P19, P20;LED_R;archive:Device_LED;LED_SMD:LED_1206_3216_ReverseMount_Hole2x2.4mm;~
8;24;P21, P22, P23, P24, P25, P26, P27, P28, P29, P30, P31, P32, P33, P34, P35, P36, P37, P38, P39, P40, P41, P42, P43, P44;LED_R;archive:Device_LED_Small;LED_SMD:LED_1206_3216_ReverseMount_Hole2x2.4mm;~
9;2;R1, R3;10K;Device:R_Small;Resistor_SMD:R_1206_3216Metric;~
10;1;R2;220;Device:R_Small;Resistor_SMD:R_1206_3216Metric;~
11;1;R4;100;Device:R_Small;Resistor_SMD:R_1206_3216Metric;~
12;20;R5, R6, R7, R8, R13, R14, R15, R16, R21, R22, R23, R24, R29, R30, R31, R32, R205, R207, R211, R213;3K3;archive:Device_R;Resistor_SMD:R_1206_3216Metric;~
13;24;R9, R10, R11, R12, R17, R18, R19, R20, R25, R26, R27, R28, R33, R34, R35, R36, R206, R208, R209, R210, R212, R214, R215, R216;1K5;archive:Device_R;Resistor_SMD:R_1206_3216Metric;~
14;24;R37, R38, R39, R40, R65, R66, R67, R68, R93, R94, R95, R96, R121, R122, R123, R124, R149, R150, R151, R152, R177, R178, R179, R180;10K;archive:Device_R_Small;Resistor_SMD:R_1206_3216Metric;~
15;48;R41, R43, R45, R47, R53, R55, R57, R59, R69, R71, R73, R75, R81, R83, R85, R87, R97, R99, R101, R103, R109, R111, R113, R115, R125, R127, R129, R131, R137, R139, R141, R143, R153, R155, R157, R159, R165, R167, R169, R171, R181, R183, R185, R187, R193, R195, R197, R199;3K3;archive:Device_R_Small;Resistor_SMD:R_1206_3216Metric;~
16;96;R42, R44, R46, R48, R49, R50, R51, R52, R54, R56, R58, R60, R61, R62, R63, R64, R70, R72, R74, R76, R77, R78, R79, R80, R82, R84, R86, R88, R89, R90, R91, R92, R98, R100, R102, R104, R105, R106, R107, R108, R110, R112, R114, R116, R117, R118, R119, R120, R126, R128, R130, R132, R133, R134, R135, R136, R138, R140, R142, R144, R145, R146, R147, R148, R154, R156, R158, R160, R161, R162, R163, R164, R166, R168, R170, R172, R173, R174, R175, R176, R182, R184, R186, R188, R189, R190, R191, R192, R194, R196, R198, R200, R201, R202, R203, R204;1K5;archive:Device_R_Small;Resistor_SMD:R_1206_3216Metric;~
17;4;S1, S2, S3, S4;SW_ON/ON;Switch:SW_SPDT;Button_Switch_THT:SW_Slide_MSS120004;~
18;24;S5, S6, S7, S8, S9, S10, S11, S12, S13, S14, S15, S16, S17, S18, S19, S20, S21, S22, S23, S24, S25, S26, S27, S28;SW_ON/ON;archive:Switch_SW_SPDT;Button_Switch_THT:SW_Slide_MSS120004;~
19;4;S29, S30, S33, S34;SW_Push_Eledis_5A11-F3PCAE;archive:Switch_SW_Push_Eledis_5A11-F3PCAE;Button_Switch_THT:SW_Push_Eledis_5A11-F3PCAE;
20;4;S31, S32, S35, S36;Jumper;archive:Jumper_Jumper_3_Bridged12;Connector_PinHeader_2.54mm:PinHeader_1x03_P2.54mm_Vertical;~
21;2;X1, X6;PinHeader_01x12;Connector:Conn_01x12_Male;Connector_PinHeader_2.54mm:PinHeader_1x12_P2.54mm_Vertical;~
22;3;X2, X5, X9;PinHeader_01x08;Connector:Conn_01x08_Male;Connector_PinHeader_2.54mm:PinHeader_1x08_P2.54mm_Vertical;~
23;24;X3, X4, X10, X11, X12, X13, X14, X15, X16, X17, X18, X19, X20, X21, X22, X23, X24, X25, X26, X27, X28, X29, X30, X31;PinHeader_01x01;Connector:Conn_01x01_Male;Connector_PinHeader_2.54mm:PinHeader_1x01_P2.54mm_Vertical;~
24;2;X7, X8;PinHeader_01x06;Connector:Conn_01x06_Male;Connector_PinHeader_2.54mm:PinHeader_1x06_P2.54mm_Vertical;~
